Date,Time,Open,High,Low,Close,Vol
10/01/2022,08:00:00,85.1575,85.63,85.1575,85.44,645000
10/01/2022,09:00:00,85.475,85.5325,85.44,85.4975,1151000
10/01/2022,10:00:00,85.5,85.5725,85.3275,85.355,9137000
10/01/2022,11:00:00,85.38,85.3925,84.9,84.955,55400000
10/01/2022,12:00:00,84.9675,85.1525,84.8,85.1075,38746000
10/01/2022,13:00:00,85.1,85.1375,84.7675,84.8425,30485000
10/01/2022,14:00:00,84.89,85.04,84.8675,84.925,22305000
10/01/2022,15:00:00,84.93,85.025,84.8425,84.9025,19418000
11/01/2022,08:00:00,85.005,85.005,84.82,85,2483000
11/01/2022,09:00:00,84.95,85.0075,84.905,84.97,2463000
11/01/2022,10:00:00,84.96,84.985,84.9,84.915,6088000
11/01/2022,11:00:00,84.9,84.975,84.815,84.8175,40021000
11/01/2022,12:00:00,84.815,85,84.7375,84.98,41911000
11/01/2022,13:00:00,84.9625,85.0975,84.83,84.86,37350000
11/01/2022,14:00:00,84.8525,84.915,84.82,84.885,20525000
11/01/2022,15:00:00,84.88,84.905,84.82,84.8525,17183000
12/01/2022,08:00:00,84.8,84.8,84.56,84.6075,1212000
12/01/2022,09:00:00,84.65,84.67,84.51,84.5425,2220000
12/01/2022,10:00:00,84.5375,84.69,84.51,84.6675,2821000
12/01/2022,11:00:00,84.6575,84.7175,84.545,84.6825,21112000
12/01/2022,12:00:00,84.6875,84.8225,84.63,84.6675,20290000
12/01/2022,13:00:00,84.68,84.81,84.555,84.605,38036000
12/01/2022,14:00:00,84.605,84.725,84.58,84.6,17712000
12/01/2022,15:00:00,84.6,84.765,84.58,84.69,15033000
13/01/2022,08:00:00,85.4625,85.495,85.4,85.46,1957000
13/01/2022,09:00:00,85.4025,85.455,85.3875,85.425,2235000
13/01/2022,10:00:00,85.4175,85.45,85.2625,85.2725,7353000
13/01/2022,11:00:00,85.26,85.505,85.2,85.49,42683000
13/01/2022,12:00:00,85.49,85.69,85.46,85.56,47523000
13/01/2022,13:00:00,85.5675,85.595,85.4525,85.5625,21868000
13/01/2022,14:00:00,85.55,85.585,85.485,85.53,17584000
13/01/2022,15:00:00,85.51,86.1075,85.505,86.06,43029000
14/01/2022,08:00:00,87.5,87.555,87.2625,87.33,2695000
14/01/2022,09:00:00,87.37,87.37,86.9825,87.275,1536000
14/01/2022,10:00:00,87.27,87.36,87.04,87.065,21598000
14/01/2022,11:00:00,87.03,87.1,86.7075,86.8225,86979000
14/01/2022,12:00:00,86.8,86.85,86.62,86.8,52235000
14/01/2022,13:00:00,86.8,87.2,86.75,87.115,40638000
14/01/2022,14:00:00,87.0675,87.3,86.9,87.3,33429000
14/01/2022,15:00:00,87.2875,87.915,87.195,87.8875,43158000
17/01/2022,08:00:00,86.945,87.1375,86.865,87.1025,3497000
17/01/2022,09:00:00,87.1025,87.14,86.915,86.915,2466000
17/01/2022,10:00:00,86.905,86.9625,86.635,86.6675,10421000
17/01/2022,11:00:00,86.68,87.23,86.5325,87.11,48104000
17/01/2022,12:00:00,87.1075,87.4225,86.94,87.39,34802000
17/01/2022,13:00:00,87.4225,87.75,87.255,87.3375,29924000
17/01/2022,14:00:00,87.33,87.5175,87.3025,87.3575,41462000
17/01/2022,15:00:00,87.36,87.48,87.105,87.3925,19035000
18/01/2022,08:00:00,86.6025,86.98,86.5975,86.92,2444000
18/01/2022,09:00:00,86.875,86.9225,86.785,86.8175,2712000
18/01/2022,10:00:00,86.82,86.85,86.6625,86.8,4207000
18/01/2022,11:00:00,86.8,87.15,86.6325,86.94,34051000
18/01/2022,12:00:00,86.97,87.175,86.9225,87.12,33306000
18/01/2022,13:00:00,87.1275,87.3875,87.015,87.3275,18932000
18/01/2022,14:00:00,87.3275,87.365,86.96,87.0875,19073000
18/01/2022,15:00:00,87.0875,87.2275,87.025,87.125,16251000
19/01/2022,08:00:00,87.215,87.4,87.17,87.22,2619000
19/01/2022,09:00:00,87.19,87.3525,87.18,87.315,3172000
19/01/2022,10:00:00,87.32,87.32,87.06,87.2625,7755000
19/01/2022,11:00:00,87.2625,87.39,86.975,86.9875,35128000
19/01/2022,12:00:00,87.0025,87.1875,86.86,87.1175,34560000
19/01/2022,13:00:00,87.12,87.14,86.64,86.7325,36672000
19/01/2022,14:00:00,86.72,86.91,86.6825,86.775,80878000
19/01/2022,15:00:00,86.77,86.8375,85.965,86.195,60168000
20/01/2022,08:00:00,86.6,86.6,86.2875,86.3275,3198000
20/01/2022,09:00:00,86.3275,86.3975,86.2275,86.395,2912000
20/01/2022,10:00:00,86.4125,86.525,86.365,86.38,5888000
20/01/2022,11:00:00,86.36,87,86.35,86.8225,31370000
20/01/2022,12:00:00,86.815,87.16,86.8125,87.065,30451000
20/01/2022,13:00:00,87.05,87.155,86.755,86.8425,40117000
20/01/2022,14:00:00,86.83,86.93,86.6875,86.93,43458000
20/01/2022,15:00:00,86.9275,86.99,86.7325,86.945,16792000
21/01/2022,08:00:00,86.945,87.11,86.885,86.93,3371000
21/01/2022,09:00:00,86.94,87,86.82,86.955,1777000
21/01/2022,10:00:00,86.9425,86.9425,86.8,86.94,8014000
21/01/2022,11:00:00,86.97,87.055,86.7025,86.765,28206000
21/01/2022,12:00:00,86.815,86.9,86.68,86.8125,31975000
21/01/2022,13:00:00,86.835,86.92,86.72,86.745,48614000
21/01/2022,14:00:00,86.735,86.745,86.5,86.74,22685000
21/01/2022,15:00:00,86.7425,87.08,86.5975,86.73,48029000
24/01/2022,08:00:00,87.49,87.52,87.25,87.3225,12990000
24/01/2022,09:00:00,87.3125,87.43,87.265,87.285,3056000
24/01/2022,10:00:00,87.2825,87.305,87.1,87.215,9189000
24/01/2022,11:00:00,87.2325,87.55,87.215,87.5,111677000
24/01/2022,12:00:00,87.505,88.165,87.485,88.11,54799000
24/01/2022,13:00:00,88.1275,88.725,88.1125,88.4,68306000
24/01/2022,14:00:00,88.39,89.38,88.385,89.3775,39371000
24/01/2022,15:00:00,89.3625,89.7475,88.8475,89.515,40812000
25/01/2022,08:00:00,89.145,89.38,88.695,89.085,4866000
25/01/2022,09:00:00,89.11,89.165,88.795,88.8075,4707000
25/01/2022,10:00:00,88.7525,88.9075,88.605,88.63,21838000
25/01/2022,11:00:00,88.6275,89,88.3,88.98,68318000
25/01/2022,12:00:00,89.005,89.17,88.805,88.89,53088000
25/01/2022,13:00:00,88.885,88.9375,88.5825,88.66,20424000
25/01/2022,14:00:00,88.6375,88.7875,88.4825,88.4925,13968000
25/01/2022,15:00:00,88.49,88.6675,88.45,88.4975,20918000
26/01/2022,08:00:00,88.9375,89.045,88.8625,88.9,3180000
26/01/2022,09:00:00,88.9,88.93,88.755,88.8,3044000
26/01/2022,10:00:00,88.8075,88.9875,88.8075,88.92,6203000
26/01/2022,11:00:00,88.965,89.33,88.875,89.205,45297000
26/01/2022,12:00:00,89.205,89.205,88.9125,89.04,56511000
26/01/2022,13:00:00,89.0325,89.225,88.9675,89.0925,34500000
26/01/2022,14:00:00,89.075,89.43,89.0275,89.24,35155000
26/01/2022,15:00:00,89.225,89.38,89.1,89.2375,24706000
27/01/2022,08:00:00,89.1475,89.3725,89.1475,89.335,3906000
27/01/2022,09:00:00,89.34,89.34,89.1575,89.265,13177000
27/01/2022,10:00:00,89.26,89.435,89.1575,89.35,6654000
27/01/2022,11:00:00,89.345,89.3475,88.57,88.64,68727000
27/01/2022,12:00:00,88.605,88.7025,87.6775,87.9375,71184000
27/01/2022,13:00:00,87.9225,88.5575,87.9125,88.155,57507000
27/01/2022,14:00:00,88.12,88.1775,87.7075,87.83,27645000
27/01/2022,15:00:00,87.865,87.95,87.7,87.7175,39322000
28/01/2022,08:00:00,86.795,86.8925,86.4875,86.68,2591000
28/01/2022,09:00:00,86.615,86.6625,86.5075,86.63,3279000
28/01/2022,10:00:00,86.635,86.82,86.58,86.735,10248000
28/01/2022,11:00:00,86.7375,86.895,86.425,86.5975,74399000
28/01/2022,12:00:00,86.5625,87.09,86.2825,87.035,50318000
28/01/2022,13:00:00,87.015,87.08,86.6,86.6925,60733000
28/01/2022,14:00:00,86.675,86.8025,86.5775,86.7575,47450000
28/01/2022,15:00:00,86.77,86.825,86.495,86.525,56845000
31/01/2022,08:00:00,86.695,86.7,86.5525,86.63,1504000
31/01/2022,09:00:00,86.6125,86.67,86.51,86.51,1407000
31/01/2022,10:00:00,86.5,86.62,86.4025,86.62,3937000
31/01/2022,11:00:00,86.61,86.685,86.2,86.46,41505000
31/01/2022,12:00:00,86.465,86.685,86.37,86.5325,23518000
31/01/2022,13:00:00,86.54,86.5975,86.425,86.535,23882000
31/01/2022,14:00:00,86.55,86.815,86.55,86.6375,42330000
31/01/2022,15:00:00,86.61,86.6425,86.44,86.58,28547000
01/02/2022,08:00:00,86.875,86.875,86.5675,86.7,4889000
01/02/2022,09:00:00,86.6825,86.73,86.62,86.62,2290000
01/02/2022,10:00:00,86.6525,86.8275,86.63,86.7,8042000
01/02/2022,11:00:00,86.71,86.935,86.63,86.92,23242000
01/02/2022,12:00:00,86.92,86.925,86.63,86.765,18633000
01/02/2022,13:00:00,86.7425,86.7925,86.495,86.7325,30776000
01/02/2022,14:00:00,86.715,86.76,86.42,86.47,20082000
01/02/2022,15:00:00,86.4675,86.49,86.25,86.2725,21188000
02/02/2022,08:00:00,87.15,87.15,86.42,86.4475,439000
02/02/2022,09:00:00,86.495,86.495,86.325,86.4,923000
02/02/2022,10:00:00,86.4,86.4275,86.32,86.36,3771000
02/02/2022,11:00:00,86.36,86.4425,86.23,86.2425,14945000
02/02/2022,12:00:00,86.25,86.29,86.1,86.195,18030000
02/02/2022,13:00:00,86.1925,86.2025,86,86.185,26246000
02/02/2022,14:00:00,86.21,86.27,85.935,85.9575,22286000
02/02/2022,15:00:00,85.965,86.0675,85.88,85.96,21224000
03/02/2022,08:00:00,86.1175,86.33,86.1,86.25,4745000
03/02/2022,09:00:00,86.19,86.19,86.1275,86.15,986000
03/02/2022,10:00:00,86.13,86.38,86.13,86.31,9698000
03/02/2022,11:00:00,86.3275,86.65,86.315,86.615,31685000
03/02/2022,12:00:00,86.5975,86.745,86.45,86.535,28963000
03/02/2022,13:00:00,86.5925,86.6,86.33,86.3975,36809000
03/02/2022,14:00:00,86.395,86.405,86.25,86.3225,12115000
03/02/2022,15:00:00,86.3375,86.3525,86.1325,86.28,24529000
04/02/2022,08:00:00,87.47,87.47,87.2725,87.315,903000
04/02/2022,09:00:00,87.35,87.4225,87.2925,87.355,1349000
04/02/2022,10:00:00,87.38,87.42,87.275,87.3325,5788000
04/02/2022,11:00:00,87.345,87.345,86.96,87.05,50954000
04/02/2022,12:00:00,87.03,87.095,86.88,87.0875,34174000
04/02/2022,13:00:00,87.08,87.1,86.9,87.0075,19039000
04/02/2022,14:00:00,87.03,87.03,86.8575,86.88,12329000
04/02/2022,15:00:00,86.85,86.965,86.675,86.965,16447000
07/02/2022,08:00:00,86.8175,86.96,86.81,86.895,1677000
07/02/2022,09:00:00,86.9,86.9,86.75,86.7725,1539000
07/02/2022,10:00:00,86.755,86.785,86.56,86.6375,6983000
07/02/2022,11:00:00,86.5875,86.595,86.37,86.445,99332000
07/02/2022,12:00:00,86.47,86.6975,86.44,86.5025,42229000
07/02/2022,13:00:00,86.49,86.51,86.25,86.265,24443000
07/02/2022,14:00:00,86.265,86.3625,86.13,86.2225,15754000
07/02/2022,15:00:00,86.23,86.36,86.14,86.325,14888000
08/02/2022,08:00:00,86.34,86.34,85.97,85.97,2019000
08/02/2022,09:00:00,85.985,86.0475,85.85,85.95,7679000
08/02/2022,10:00:00,85.97,86.06,85.9,85.9325,5164000
08/02/2022,11:00:00,85.925,86.025,85.74,85.84,39355000
08/02/2022,12:00:00,85.8825,86.01,85.805,85.9175,17157000
08/02/2022,13:00:00,85.94,85.98,85.8625,85.9625,19526000
08/02/2022,14:00:00,85.97,85.9875,85.77,85.8975,21362000
08/02/2022,15:00:00,85.92,85.94,85.67,85.735,54089000
09/02/2022,08:00:00,85.7775,85.7975,85.6425,85.695,1446000
09/02/2022,09:00:00,85.67,85.67,85.485,85.5225,4316000
09/02/2022,10:00:00,85.53,85.64,85.475,85.52,7817000
09/02/2022,11:00:00,85.5075,85.5375,85.22,85.27,29145000
09/02/2022,12:00:00,85.3075,85.405,85.26,85.375,26796000
09/02/2022,13:00:00,85.375,85.45,85.33,85.4275,27879000
09/02/2022,14:00:00,85.4275,85.5,85.3875,85.43,35628000
09/02/2022,15:00:00,85.43,85.47,85.3025,85.4,22123000
10/02/2022,08:00:00,85.4325,85.44,85.3675,85.3925,1475000
10/02/2022,09:00:00,85.3975,85.4125,85.35,85.385,4474000
10/02/2022,10:00:00,85.3775,85.4325,85.25,85.25,14487000
10/02/2022,11:00:00,85.2425,85.4575,85.2425,85.4175,52287000
10/02/2022,12:00:00,85.45,85.49,85.325,85.4075,37682000
10/02/2022,13:00:00,85.39,85.5075,85.3725,85.5,22328000
10/02/2022,14:00:00,85.48,85.6225,85.45,85.48,27209000
10/02/2022,15:00:00,85.4875,85.5375,85.36,85.38,18366000
11/02/2022,08:00:00,85.5725,85.645,85.4775,85.62,4416000
11/02/2022,09:00:00,85.6225,85.7025,85.5675,85.6175,3709000
11/02/2022,10:00:00,85.6,85.6975,85.4225,85.47,6341000
11/02/2022,11:00:00,85.475,85.49,85.23,85.24,60095000
11/02/2022,12:00:00,85.2575,85.4825,85.1125,85.4425,31824000
11/02/2022,13:00:00,85.4075,85.65,85.3175,85.38,22021000
11/02/2022,14:00:00,85.41,85.5475,85.2725,85.4325,21452000
11/02/2022,15:00:00,85.4,85.5425,85.38,85.4725,15655000
14/02/2022,08:00:00,87.69,88.65,87.485,87.9025,8718000
14/02/2022,09:00:00,87.9675,87.9675,87.24,87.4375,13166000
14/02/2022,10:00:00,87.435,87.5,86.98,87.28,24142000
14/02/2022,11:00:00,87.28,87.28,86.57,86.755,86315000
14/02/2022,12:00:00,86.735,87.1675,86.545,87.1675,79292000
14/02/2022,13:00:00,87.16,87.4325,87.0975,87.3575,38345000
14/02/2022,14:00:00,87.395,87.5,86.46,87.06,45411000
14/02/2022,15:00:00,87.0775,87.2275,86.8775,87.22,27576000
15/02/2022,08:00:00,86.4475,86.6225,86.2775,86.375,1710000
15/02/2022,09:00:00,86.3225,86.555,86.3,86.525,37830000
15/02/2022,10:00:00,86.5375,86.625,86.26,86.35,34257000
15/02/2022,11:00:00,86.355,86.8775,86.355,86.7275,43147000
15/02/2022,12:00:00,86.73,86.73,85.56,85.725,85943000
15/02/2022,13:00:00,85.72,85.77,85.42,85.77,35671000
15/02/2022,14:00:00,85.77,86.015,85.53,85.94,48808000
15/02/2022,15:00:00,85.94,86.0325,85.5375,85.56,28239000
16/02/2022,08:00:00,85.5125,85.5125,85.345,85.44,4036000
16/02/2022,09:00:00,85.44,85.445,85.3075,85.4,2645000
16/02/2022,10:00:00,85.405,85.51,85.345,85.44,6804000
16/02/2022,11:00:00,85.44,85.45,85.1,85.27,42259000
16/02/2022,12:00:00,85.295,85.38,85.215,85.345,36799000
16/02/2022,13:00:00,85.33,85.58,85.25,85.5025,27422000
16/02/2022,14:00:00,85.49,85.51,85.2775,85.29,10870000
16/02/2022,15:00:00,85.2925,85.415,85.2375,85.305,25960000
17/02/2022,08:00:00,85.44,85.99,85.33,85.835,4060000
17/02/2022,09:00:00,85.9,85.94,85.76,85.925,6393000
17/02/2022,10:00:00,85.95,86.09,85.8425,85.885,15669000
17/02/2022,11:00:00,85.9025,86.265,85.785,86.2275,47103000
17/02/2022,12:00:00,86.2375,87.035,85.99,86.5475,57957000
17/02/2022,13:00:00,86.6175,86.71,86.1925,86.275,22694000
17/02/2022,14:00:00,86.3075,86.37,86.0525,86.2275,26945000
17/02/2022,15:00:00,86.255,86.4175,86.13,86.155,34556000
18/02/2022,08:00:00,86.46,86.46,86.2,86.25,11283000
18/02/2022,09:00:00,86.25,86.27,86.05,86.05,3243000
18/02/2022,10:00:00,86.06,86.4,86.06,86.3325,10043000
18/02/2022,11:00:00,86.325,86.325,86,86.05,23855000
18/02/2022,12:00:00,86.04,86.19,85.88,86.1875,34069000
18/02/2022,13:00:00,86.19,86.315,86.025,86.0525,36374000
18/02/2022,14:00:00,86.0525,86.1025,85.97,85.9975,28622000
18/02/2022,15:00:00,85.9725,86.16,85.9225,86.16,19008000
21/02/2022,08:00:00,88.98,88.98,87.065,87.1375,9551000
21/02/2022,09:00:00,87.1725,87.445,87.13,87.445,10053000
21/02/2022,10:00:00,87.4475,87.5,86.725,86.74,24764000
21/02/2022,11:00:00,86.745,87.5225,86.595,87.495,55263000
21/02/2022,12:00:00,87.465,87.775,87.3275,87.4475,163501000
21/02/2022,13:00:00,87.46,87.6525,87.22,87.335,50418000
21/02/2022,14:00:00,87.385,87.5925,87.275,87.55,37785000
21/02/2022,15:00:00,87.55,88.75,87.4525,88.5625,72050000
22/02/2022,08:00:00,90.735,90.75,90.02,90.1,8580000
22/02/2022,09:00:00,90.09,90.1525,89.37,89.9725,9573000
22/02/2022,10:00:00,89.9725,90.755,89.83,90.53,56382000
22/02/2022,11:00:00,90.525,91.3725,90.455,90.7325,94017000
22/02/2022,12:00:00,90.705,90.9775,90.3125,90.8075,98664000
22/02/2022,13:00:00,90.8525,90.905,89.77,90.2775,73567000
22/02/2022,14:00:00,90.2475,90.3875,89.2325,89.555,62244000
22/02/2022,15:00:00,89.56,90.1325,89.55,90.1325,40938000
24/02/2022,08:00:00,92.435,95.1225,92.34,95.1225,2275000
24/02/2022,11:00:00,99.8,99.8,94.5575,97.965,44464000
24/02/2022,12:00:00,97.7,98.25,96.85,96.9975,69931000
24/02/2022,13:00:00,97,97.09,93.2225,94.355,99484000
24/02/2022,14:00:00,94.5,94.94,93.5525,93.5525,99543000
24/02/2022,15:00:00,93.5575,93.76,91.3125,92.29,54471000
25/02/2022,08:00:00,95.9,97.7,93.5,94.24,195000
25/02/2022,09:00:00,95.24,95.55,94.24,95,686000
25/02/2022,10:00:00,95,95.5,94,94.8,2521000
25/02/2022,11:00:00,94.65,94.9975,93.34,93.57,21283000
25/02/2022,12:00:00,93.6,93.7875,92.29,92.87,62489000
25/02/2022,13:00:00,92.97,93.415,92.7,93.2325,104340000
25/02/2022,14:00:00,93.3875,94.4,93.25,94.1775,46302000
25/02/2022,15:00:00,94.15,94.185,93.2775,94,80098000
28/02/2022,11:00:00,101.0875,107.2525,96.525,107.2525,9882000
28/02/2022,12:00:00,107.2525,122.66,107.2525,122.0025,3879000
28/02/2022,13:00:00,122.0075,122.5,107.5775,111.355,47031000
28/02/2022,14:00:00,111.3525,111.9925,108,108.25,56513000
28/02/2022,15:00:00,108.25,108.34,106,107.2025,65653000
01/03/2022,11:00:00,107.205,114.185,100.8975,102.45,23670000
01/03/2022,12:00:00,102.51,105.8975,102.4,105.09,47386000
01/03/2022,13:00:00,105.09,106,105.04,106,79400000
01/03/2022,14:00:00,106,112,105.715,108.2075,16861000
01/03/2022,15:00:00,108.1025,109.895,107.425,108.99,46433000
02/03/2022,11:00:00,114.19,119.9,109,119.4,29025000
02/03/2022,12:00:00,119.4,120.31,117,119.8,77657000
02/03/2022,13:00:00,119.85,123.5975,119.5,121.555,71333000
02/03/2022,14:00:00,121.575,123.5,119.9975,121,50437000
02/03/2022,15:00:00,121,124.5875,119.2,123,75195000
03/03/2022,11:00:00,115,124.9775,108.98,123.75,73343000
03/03/2022,12:00:00,123.65,124.9775,121.75,124.9775,87351000
03/03/2022,13:00:00,124.9775,124.9775,123.5,124.725,66662000
03/03/2022,14:00:00,124.4,124.9775,124.2,124.9775,26295000
03/03/2022,15:00:00,124.9775,124.9775,123.1275,123.1275,24281000
04/03/2022,11:00:00,123,131.15,116.5,126.4,16308000
04/03/2022,12:00:00,126.4,130.99,123,129,14569000
04/03/2022,13:00:00,129,131.15,127,128.3,14940000
04/03/2022,14:00:00,128.3,131.15,126,130,6755000
04/03/2022,15:00:00,130.575,131.15,128.5,128.8,4522000
09/03/2022,11:00:00,118.5,128.0025,117.9925,128.0025,5531000
09/03/2022,12:00:00,128.0025,131.5,122,124,54492000
09/03/2022,13:00:00,122,128.9925,118,127.5,54944000
09/03/2022,14:00:00,125.62,128.99,124.005,125.65,41606000
09/03/2022,15:00:00,125.65,128.89,118.0025,119.5775,46915000
10/03/2022,11:00:00,135,135,122.0025,130.9,46302000
10/03/2022,12:00:00,130.8,132.9375,128.74,130.475,51816000
10/03/2022,13:00:00,129.3,130.475,125.2,128,98522000
10/03/2022,14:00:00,127.7,128.995,125.055,125.91,72279000
10/03/2022,15:00:00,125.91,127.27,121.92,121.92,53062000
11/03/2022,11:00:00,129.01,130,122.5,126.6925,33926000
11/03/2022,12:00:00,125.9,127.1,125.75,126.9025,46665000
11/03/2022,13:00:00,126.7,127.1,126,126,59154000
11/03/2022,14:00:00,126,126.4925,120.98,122,79581000
11/03/2022,15:00:00,122,126.7175,121.0025,124.59,60124000
14/03/2022,11:00:00,126.9,126.9,121.05,121.97,40635000
14/03/2022,12:00:00,121.97,122.495,121.5525,121.7775,38531000
14/03/2022,13:00:00,121.7525,122.15,119.0025,119.51,49020000
14/03/2022,14:00:00,119.2425,120.01,115.75,117.05,38007000
14/03/2022,15:00:00,117.0525,120,115.8575,119,44042000
15/03/2022,11:00:00,122,125.8975,116.9925,119.7,38140000
15/03/2022,12:00:00,119.7,120.7,119.6525,120.05,44002000
15/03/2022,13:00:00,120.05,121.9925,119.705,121.2875,28279000
15/03/2022,14:00:00,120.915,121.6125,120.355,120.3575,38129000
15/03/2022,15:00:00,120.3575,121.2,119.5,119.54,32620000
16/03/2022,11:00:00,119.495,119.495,117.5,118.14,47383000
16/03/2022,12:00:00,118.14,119.1275,118,118.855,40793000
16/03/2022,13:00:00,118.855,118.9,117.55,117.8,40643000
16/03/2022,14:00:00,117.74,117.9875,117.3025,117.65,32592000
16/03/2022,15:00:00,117.65,118.9225,117.5625,118.58,18002000
17/03/2022,11:00:00,118.58,118.58,112.6525,114,61429000
17/03/2022,12:00:00,114,114.9975,114,114.425,24770000
17/03/2022,13:00:00,114.4225,115.55,114.15,114.4325,37181000
17/03/2022,14:00:00,114.4325,115.73,114.3875,115.39,34374000
17/03/2022,15:00:00,115.3,116,115.0025,115.19,25836000
18/03/2022,11:00:00,112.2,115,110.2,113.13,45219000
18/03/2022,12:00:00,113.19,113.485,113.15,113.3925,34453000
18/03/2022,13:00:00,113.305,113.4525,112.9,112.9,29896000
18/03/2022,14:00:00,112.9,114,112.455,114,34053000
18/03/2022,15:00:00,113.79,115.2375,113.6025,115.2375,18994000
21/03/2022,11:00:00,115.0075,117.575,114.985,115.8225,35617000
21/03/2022,12:00:00,115.845,116.2525,115.7,115.86,42505000
21/03/2022,13:00:00,115.88,116.265,105.4525,115.19,100910000
21/03/2022,14:00:00,115.19,115.5,115.015,115.4025,46790000
21/03/2022,15:00:00,115.225,115.3175,115.05,115.2675,35028000
22/03/2022,11:00:00,107.97,117,107.97,114.45,30837000
22/03/2022,12:00:00,114.385,114.77,114.33,114.5225,97756000
22/03/2022,13:00:00,114.495,114.75,114.4475,114.55,28170000
22/03/2022,14:00:00,114.55,114.6725,114.44,114.455,22761000
22/03/2022,15:00:00,114.4575,114.675,114.4225,114.665,18058000
23/03/2022,11:00:00,115.6975,115.6975,113.3725,114.76,76796000
23/03/2022,12:00:00,114.7525,114.8725,114.5925,114.615,54094000
23/03/2022,13:00:00,114.625,114.6825,113.9,113.9025,91971000
23/03/2022,14:00:00,113.9025,114.405,113.9025,113.99,53087000
23/03/2022,15:00:00,113.95,114.405,113.9025,114,32808000
24/03/2022,11:00:00,106.54,110.1,105.01,105.2,38469000
24/03/2022,12:00:00,105.16,106.0175,105.16,105.7025,58607000
24/03/2022,13:00:00,105.7,105.9375,105,105.465,47704000
24/03/2022,14:00:00,105.4725,105.6,105,105.3625,39789000
24/03/2022,15:00:00,105.4,105.42,105,105.3825,49008000
25/03/2022,11:00:00,106.025,107.2325,105.3,105.9975,67413000
25/03/2022,12:00:00,105.9975,105.9975,102.59,103.5,95663000
25/03/2022,13:00:00,103.8,105.9,103,103.345,154300000
25/03/2022,14:00:00,103,104.01,101.1,101.14,135388000
25/03/2022,15:00:00,101.14,103.4,99.5,102.22,87986000
28/03/2022,11:00:00,110,110,102.1275,102.17,16431000
28/03/2022,12:00:00,102.17,103,101.8025,102.83,38991000
28/03/2022,13:00:00,102.95,103.305,102.64,102.87,83618000
28/03/2022,14:00:00,102.87,102.95,101.6,102.6,106401000
28/03/2022,15:00:00,102.35,102.75,101.3,101.79,45779000
29/03/2022,11:00:00,98.3775,100.3,95.8425,96.7725,44173000
29/03/2022,12:00:00,96.7725,97.25,96.725,97,81403000
29/03/2022,13:00:00,97.045,97.135,96.57,96.66,54175000
29/03/2022,14:00:00,96.66,96.6725,94.695,94.8525,37945000
29/03/2022,15:00:00,94.8525,94.8525,92.0725,92.285,32776000
30/03/2022,11:00:00,93,94.39,93,93.5,41500000
30/03/2022,12:00:00,93.5,94.2575,93.5,93.9175,63935000
30/03/2022,13:00:00,93.9175,94,92.5,92.55,89992000
30/03/2022,14:00:00,92.8,92.8,91.8225,92.1525,50363000
30/03/2022,15:00:00,92.155,92.685,92,92.5,42200000
31/03/2022,11:00:00,92.285,93.3375,91.98,92.65,41253000
31/03/2022,12:00:00,92.65,92.8275,92.4025,92.59,61425000
31/03/2022,13:00:00,92.555,92.6925,92.4825,92.55,64466000
31/03/2022,14:00:00,92.55,92.58,92.2225,92.3275,47792000
31/03/2022,15:00:00,92.3275,92.9675,92.3275,92.9,51996000
01/04/2022,11:00:00,92,92.605,91.9,92.26,51489000
01/04/2022,12:00:00,92.16,92.67,92.1275,92.52,43659000
01/04/2022,13:00:00,92.5675,92.6,92.4125,92.44,26621000
01/04/2022,14:00:00,92.4775,92.55,92.4275,92.46,13450000
01/04/2022,15:00:00,92.46,92.735,92.455,92.56,36140000
04/04/2022,10:00:00,91.5,91.5,91.5,91.5,13000
04/04/2022,11:00:00,92.555,93.9,92.5175,92.7,19860000
04/04/2022,12:00:00,92.735,92.9125,91.6075,91.615,45471000
04/04/2022,13:00:00,91.615,92.175,91.44,91.4825,57796000
04/04/2022,14:00:00,91.485,91.73,91.28,91.31,57684000
04/04/2022,15:00:00,91.31,91.5875,91.1125,91.4075,42343000
05/04/2022,10:00:00,91.4075,91.4075,91.4075,91.4075,20000
05/04/2022,11:00:00,91.905,91.9575,91.3,91.915,20451000
05/04/2022,12:00:00,91.84,91.905,90.53,90.82,73667000
05/04/2022,13:00:00,90.9,91.2,90.8075,90.8125,50591000
05/04/2022,14:00:00,90.835,91.0575,90.4975,90.65,50305000
05/04/2022,15:00:00,90.65,91.28,90.65,91.0625,14865000
06/04/2022,11:00:00,91.76,91.76,90.0425,90.4375,85224000
06/04/2022,12:00:00,90.435,90.49,90.0025,90.1525,81624000
06/04/2022,13:00:00,90.195,90.3725,89.9125,89.9775,90792000
06/04/2022,14:00:00,89.95,90.1025,89.2,89.215,75882000
06/04/2022,15:00:00,89.2,89.4,89.2,89.2775,42118000
07/04/2022,11:00:00,87.79,87.79,81.2,82.7125,68830000
07/04/2022,12:00:00,82.7125,82.8025,81.605,81.72,75835000
07/04/2022,13:00:00,81.915,82.3525,81.6,82.2,114164000
07/04/2022,14:00:00,82.2375,82.71,82.15,82.19,95795000
07/04/2022,15:00:00,82.285,82.4225,81.07,81.95,78613000
08/04/2022,11:00:00,82.38,83.18,80.5025,82.05,143433000
08/04/2022,12:00:00,82.05,82.275,81.25,81.5,241509000
08/04/2022,13:00:00,81.68,81.9,80.8875,81.0225,215896000
08/04/2022,14:00:00,81.03,81.0825,80.015,80.11,205352000
08/04/2022,15:00:00,80.07,80.25,77,77.695,160145000
11/04/2022,10:00:00,88.745,88.745,88.745,88.745,87000
11/04/2022,11:00:00,88.745,88.745,84.1225,85.97,110374000
11/04/2022,12:00:00,85.925,86.07,85.1575,85.42,148379000
11/04/2022,13:00:00,85.4,85.5025,84.4,85.455,116919000
11/04/2022,14:00:00,85.46,85.515,84.32,84.8475,114530000
11/04/2022,15:00:00,84.85,85.3,84.7425,85.23,96973000
12/04/2022,10:00:00,85.11,85.11,85.11,85.11,5000
12/04/2022,11:00:00,86.5,86.8425,85.3225,86.37,152320000
12/04/2022,12:00:00,86.3625,86.5375,85.97,86.3325,104387000
12/04/2022,13:00:00,86.3075,86.475,85.95,86.0925,117371000
12/04/2022,14:00:00,86.1175,86.1925,85.9625,86.0975,105917000
12/04/2022,15:00:00,86.1,86.325,86.035,86.115,83327000
13/04/2022,11:00:00,86.1,86.3475,85.745,86.08,91333000
13/04/2022,12:00:00,86.04,86.2375,85.6025,85.6225,139963000
13/04/2022,13:00:00,85.655,86.065,85.6,85.9775,96990000
13/04/2022,14:00:00,86.005,86.1175,85.9825,86.1125,73570000
13/04/2022,15:00:00,86.11,86.7775,86.08,86.685,79165000
14/04/2022,11:00:00,86.685,90.4625,86.685,87.78,181846000
14/04/2022,12:00:00,87.6325,88.1425,87.575,88.0375,149941000
14/04/2022,13:00:00,88.04,88.465,87.98,88.3775,81484000
14/04/2022,14:00:00,88.4675,88.47,87.8775,87.9375,44106000
14/04/2022,15:00:00,87.9375,87.9825,86.61,86.61,108305000
19/04/2022,10:00:00,84.4,84.4,84.4,84.4,101000
19/04/2022,11:00:00,84,84.5325,82.8,84.3625,46546000
19/04/2022,12:00:00,84.4,84.48,84.24,84.26,71554000
19/04/2022,13:00:00,84.2575,84.38,83.9575,84.0725,57808000
19/04/2022,14:00:00,84.0525,84.1,83.61,83.82,56137000
19/04/2022,15:00:00,83.82,83.82,83.3825,83.68,40694000
20/04/2022,10:00:00,84.2,84.2,84.2,84.2,100000
20/04/2022,11:00:00,84.2,84.28,83.6025,84.1125,42835000
20/04/2022,12:00:00,84.13,84.1625,81,83.45,59481000
20/04/2022,13:00:00,83.485,84.22,83.265,83.9575,40027000
20/04/2022,14:00:00,83.99,84.55,83.4175,83.695,56327000
20/04/2022,15:00:00,83.67,83.9325,83.12,83.235,45006000
21/04/2022,11:00:00,82.55,83.055,82.0025,83.015,74289000
21/04/2022,12:00:00,83.0025,83.0025,81,81.37,161104000
21/04/2022,13:00:00,81.32,81.4,79.9325,80.3575,170051000
21/04/2022,14:00:00,80.32,80.38,79.0125,79.1225,156874000
21/04/2022,15:00:00,79.1325,79.61,78.74,78.9175,59027000
22/04/2022,10:00:00,81,81,81,81,10000
22/04/2022,11:00:00,80.7125,80.895,78.62,78.685,228501000
22/04/2022,12:00:00,78.6425,78.715,77.8725,77.97,233208000
22/04/2022,13:00:00,77.9325,78.06,77.855,77.905,171817000
22/04/2022,14:00:00,77.905,78.1375,77.78,77.93,133341000
22/04/2022,15:00:00,77.97,78.23,77.84,78.08,94651000
25/04/2022,11:00:00,79.9975,80.1975,77.5025,77.59,87331000
25/04/2022,12:00:00,77.58,77.9425,77.24,77.3775,116223000
25/04/2022,13:00:00,77.37,77.475,76.93,77.0325,155999000
25/04/2022,14:00:00,77.0575,77.2275,76.9675,77.1,167910000
25/04/2022,15:00:00,77.0775,77.6,77,77.1,117936000
26/04/2022,11:00:00,77.1,77.3025,75.8675,77.0525,212033000
26/04/2022,12:00:00,77.05,77.14,76.58,76.685,187964000
26/04/2022,13:00:00,76.6875,76.71,76.255,76.61,218443000
26/04/2022,14:00:00,76.605,76.8725,76.2625,76.3075,198301000
26/04/2022,15:00:00,76.3075,76.73,75.9525,76.6975,188775000
27/04/2022,10:00:00,77.18,77.18,77.18,77.18,5000
27/04/2022,11:00:00,77.1,77.1775,75.9,76.275,131328000
27/04/2022,12:00:00,76.25,76.2525,75.7875,75.85,122499000
27/04/2022,13:00:00,75.865,76.1425,75.73,76.0425,87076000
27/04/2022,14:00:00,76.0675,76.1475,75.6775,75.7575,88299000
27/04/2022,15:00:00,75.815,75.9725,75.65,75.7,71556000
28/04/2022,11:00:00,75.5575,75.795,74.35,75.615,82011000
28/04/2022,12:00:00,75.615,75.69,75.2775,75.3425,92625000
28/04/2022,13:00:00,75.31,75.4225,75.2125,75.3675,81745000
28/04/2022,14:00:00,75.35,75.4425,74.955,74.96,152021000
28/04/2022,15:00:00,74.95,75.055,74.92,74.97,81285000
29/04/2022,11:00:00,76.0375,76.0375,75.125,75.195,131431000
29/04/2022,12:00:00,75.17,75.17,73.99,74.065,128660000
29/04/2022,13:00:00,74.065,74.6675,73.875,74.25,152198000
29/04/2022,14:00:00,74.25,74.4425,73.9,73.9,169356000
29/04/2022,15:00:00,73.905,73.9425,73.3,73.6025,39826000
04/05/2022,10:00:00,73.7225,73.7225,73.7225,73.7225,8000
04/05/2022,11:00:00,73.55,74.295,71.975,74.09,56807000
04/05/2022,12:00:00,74.09,74.0925,72.5,72.795,96256000
04/05/2022,13:00:00,72.7825,72.7825,71.9625,72.02,52265000
04/05/2022,14:00:00,72.02,72.26,71.815,71.9875,62892000
04/05/2022,15:00:00,72.035,72.6025,72.035,72.5025,49735000
05/05/2022,10:00:00,72.15,72.15,72.15,72.15,1000
05/05/2022,11:00:00,69.7,71.6,69.7,70.085,66536000
05/05/2022,12:00:00,70.085,70.2,69.935,69.9825,55110000
05/05/2022,13:00:00,70,70.145,69.9325,70.04,29678000
05/05/2022,14:00:00,70.04,70.04,69.9675,69.9675,36579000
05/05/2022,15:00:00,69.97,70.0075,69.7175,69.8,63360000
06/05/2022,10:00:00,69.77,69.77,69.77,69.77,3000
06/05/2022,11:00:00,70.8875,70.8875,68.92,69.6775,75566000
06/05/2022,12:00:00,69.67,70.1,69.52,70.055,74508000
06/05/2022,13:00:00,70.045,70.4,70.04,70.4,74264000
06/05/2022,14:00:00,70.3275,70.8,70.275,70.75,36612000
06/05/2022,15:00:00,70.75,73.5625,70.725,73.34,59012000
11/05/2022,11:00:00,73.2,74.015,72.3075,73.3,26002000
11/05/2022,12:00:00,73.3175,73.3175,72.35,72.75,59245000
11/05/2022,13:00:00,72.725,72.9525,71.5425,71.81,87320000
11/05/2022,14:00:00,71.7125,71.745,71.1,71.47,33956000
11/05/2022,15:00:00,71.47,71.56,71.35,71.5,97870000
12/05/2022,11:00:00,70.23,70.6825,68.48,68.56,40097000
12/05/2022,12:00:00,68.5625,69.44,67.8025,67.9125,128743000
12/05/2022,13:00:00,67.945,68.45,67.92,68.3225,60291000
12/05/2022,14:00:00,68.29,68.37,68.1025,68.145,45896000
12/05/2022,15:00:00,68.1775,68.2225,67.615,67.6175,50899000
13/05/2022,10:00:00,69,69,69,69,8000
13/05/2022,11:00:00,68,68,64.9075,65.165,121687000
13/05/2022,12:00:00,65.155,65.67,65.1025,65.61,75260000
13/05/2022,13:00:00,65.6075,65.61,65.2325,65.38,68884000
13/05/2022,14:00:00,65.38,67.2675,65.22,66.86,100079000
13/05/2022,15:00:00,66.8325,67.175,66.2,67.1,50409000
16/05/2022,11:00:00,66.3,66.6775,65.86,66.515,90722000
16/05/2022,12:00:00,66.495,66.5075,65.45,65.545,95568000
16/05/2022,13:00:00,65.5375,66.075,65.455,65.7575,85938000
16/05/2022,14:00:00,65.7475,65.875,65.2425,65.455,86572000
16/05/2022,15:00:00,65.455,65.6775,65.3175,65.38,51561000
17/05/2022,10:00:00,65.05,65.05,65.05,65.05,20000
17/05/2022,11:00:00,66.2325,66.6425,65.64,66.3,102500000
17/05/2022,12:00:00,66.315,66.315,65.96,66.2025,65020000
17/05/2022,13:00:00,66.185,66.36,65.8675,66.28,90137000
17/05/2022,14:00:00,66.315,66.75,66.04,66.5875,77494000
17/05/2022,15:00:00,66.63,66.725,66.3225,66.57,29621000
18/05/2022,11:00:00,67.13,67.2625,66.655,66.9225,106166000
18/05/2022,12:00:00,66.9075,67.05,66.3575,66.54,114211000
18/05/2022,13:00:00,66.515,66.665,66.415,66.4775,68975000
18/05/2022,14:00:00,66.5,66.5325,66.3675,66.49,55793000
18/05/2022,15:00:00,66.4725,66.6275,66.315,66.36,45554000
19/05/2022,11:00:00,66.5,66.5,65.4825,65.505,140920000
19/05/2022,12:00:00,65.5,65.6425,64.46,64.76,84598000
19/05/2022,13:00:00,64.72,64.92,64.635,64.8225,61223000
19/05/2022,14:00:00,64.83,65.1,64.43,64.575,55720000
19/05/2022,15:00:00,64.62,64.6275,64.2375,64.31,40074000
20/05/2022,10:00:00,65.2,65.2,65.2,65.2,1000
20/05/2022,11:00:00,64.0875,64.3,59.51,59.7375,338297000
20/05/2022,12:00:00,59.79,61.7175,58.9625,59.575,320362000
20/05/2022,13:00:00,59.575,61.155,59.36,61.0975,204628000
20/05/2022,14:00:00,61.0725,61.735,60.5325,60.5825,131273000
20/05/2022,15:00:00,60.6275,60.9975,59.9275,60,126280000
23/05/2022,10:00:00,63.37,63.37,63.37,63.37,110000
23/05/2022,11:00:00,63.245,63.245,60.0975,61.1075,69844000
23/05/2022,12:00:00,61.065,61.1875,60.5575,60.87,95545000
23/05/2022,13:00:00,60.865,61,60.345,60.38,77416000
23/05/2022,14:00:00,60.38,60.7875,59.8725,60.05,95497000
23/05/2022,15:00:00,60.0175,60.0975,59.35,59.4875,92507000
24/05/2022,10:00:00,60.8625,60.8625,60.8625,60.8625,23000
24/05/2022,11:00:00,60.455,60.455,58.655,59.225,307657000
24/05/2022,12:00:00,59.24,59.5975,59.0275,59.225,216973000
24/05/2022,13:00:00,59.25,59.58,58.415,58.6825,261167000
24/05/2022,14:00:00,58.685,58.84,58.2275,58.29,102735000
24/05/2022,15:00:00,58.3075,58.56,58.135,58.3575,57094000
25/05/2022,10:00:00,58,58,58,58,13000
25/05/2022,11:00:00,57.825,58.995,57.74,58.145,175115000
25/05/2022,12:00:00,58.1225,58.1825,57.55,58,206205000
25/05/2022,13:00:00,58.075,58.145,57.3225,57.3675,273106000
25/05/2022,14:00:00,57.38,57.77,57.38,57.6875,213871000
25/05/2022,15:00:00,57.695,59.3,56.5,58.4625,215438000
26/05/2022,11:00:00,60.4975,63.6325,60.4975,63.05,122711000
26/05/2022,12:00:00,63.02,63.7125,62.2225,63.65,197256000
26/05/2022,13:00:00,63.65,66.625,63.555,66.15,94982000
26/05/2022,14:00:00,66.1525,66.6525,65.1275,65.34,235936000
26/05/2022,15:00:00,65.34,66.0825,64.6875,65.4675,172075000
27/05/2022,11:00:00,69.68,71.2775,68.915,71.23,141853000
27/05/2022,12:00:00,71.1875,71.6125,69.92,70.42,146773000
27/05/2022,13:00:00,70.39,70.78,69.1325,69.655,171464000
27/05/2022,14:00:00,69.6775,70.005,67.5,68.0975,100762000
27/05/2022,15:00:00,68.0975,68.305,67.3025,67.35,50604000
30/05/2022,11:00:00,70.08,70.08,65.9575,66.04,83184000
30/05/2022,12:00:00,66,66.485,64.3125,65.2225,84285000
30/05/2022,13:00:00,65.1525,65.72,64.3725,64.4275,49828000
30/05/2022,14:00:00,64.36,64.51,62.5425,62.595,49163000
30/05/2022,15:00:00,62.645,63.715,62.5675,62.8325,39958000
31/05/2022,11:00:00,62.73,65.1225,62.0175,63.705,103531000
31/05/2022,12:00:00,63.725,64.03,62.4175,62.4825,131315000
31/05/2022,13:00:00,62.495,63.2475,61.95,62.1225,107220000
31/05/2022,14:00:00,62.12,62.38,61.7725,61.7975,74185000
31/05/2022,15:00:00,61.7925,62.2525,61.7575,62.2525,84088000
01/06/2022,11:00:00,62.5,64.61,62.5,63.95,105420000
01/06/2022,12:00:00,63.9125,64.0625,63.1625,63.265,119431000
01/06/2022,13:00:00,63.28,63.73,63.1575,63.3875,108413000
01/06/2022,14:00:00,63.3975,63.925,63.1525,63.925,33733000
01/06/2022,15:00:00,63.955,64.395,63.855,64.22,67907000
02/06/2022,11:00:00,64.8425,65.24,63.8025,65.0525,77095000
02/06/2022,12:00:00,65.0325,65.25,64.6,64.7625,95935000
02/06/2022,13:00:00,64.7625,65.375,64.7625,65.05,86734000
02/06/2022,14:00:00,65.045,65.39,64.86,65.39,79923000
02/06/2022,15:00:00,65.345,65.62,64.9025,65.115,61052000
03/06/2022,10:00:00,65.7775,65.7775,65.7775,65.7775,8000
03/06/2022,11:00:00,65.74,66.58,65.7225,66.2325,64397000
03/06/2022,12:00:00,66.24,66.26,66.0675,66.16,67149000
03/06/2022,13:00:00,66.16,66.195,66.0875,66.11,62904000
03/06/2022,14:00:00,66.11,66.1125,65.335,65.4775,38311000
03/06/2022,15:00:00,65.4775,65.65,65.225,65.225,102189000
06/06/2022,10:00:00,63.1025,63.1025,63.1025,63.1025,3000
06/06/2022,11:00:00,63.1,65.7725,62.9975,65.1375,88982000
06/06/2022,12:00:00,65.1,65.22,64.5,64.8,78413000
06/06/2022,13:00:00,64.7975,65.1925,64.6025,64.89,32919000
06/06/2022,14:00:00,64.9225,64.945,64.51,64.595,33943000
06/06/2022,15:00:00,64.6,64.6325,64.3525,64.6075,59665000
07/06/2022,10:00:00,64.05,64.05,64.05,64.05,150000
07/06/2022,11:00:00,64.9225,65.24,64.6,64.6,91622000
07/06/2022,12:00:00,64.6125,64.8,64.5975,64.715,69279000
07/06/2022,13:00:00,64.715,64.83,64.685,64.715,71274000
07/06/2022,14:00:00,64.7325,64.795,64.6,64.665,44558000
07/06/2022,15:00:00,64.6325,64.6675,64.12,64.4175,31940000
08/06/2022,10:00:00,65.98,65.98,65.98,65.98,42000
08/06/2022,11:00:00,65.4975,65.4975,64.0525,64.12,120495000
08/06/2022,12:00:00,64.1025,64.1375,63.9775,64.0275,112462000
08/06/2022,13:00:00,64,64.2375,63.9525,64.0775,73043000
08/06/2022,14:00:00,64.0675,64.1925,63.93,64.0175,50378000
08/06/2022,15:00:00,63.9925,64.055,63.41,63.6475,48443000
09/06/2022,11:00:00,62.7675,63.145,62.155,62.745,80715000
09/06/2022,12:00:00,62.7525,62.79,61.8225,62.055,87174000
09/06/2022,13:00:00,62.025,62.345,61.93,61.9375,76700000
09/06/2022,14:00:00,61.9375,62.0475,61.5625,61.62,71890000
09/06/2022,15:00:00,61.5725,62,61.185,61.775,78736000
10/06/2022,10:00:00,62.65,62.65,62.65,62.65,20000
10/06/2022,11:00:00,63,63.4475,61.5575,61.575,113393000
10/06/2022,12:00:00,61.5575,61.6425,61.095,61.3,99476000
10/06/2022,13:00:00,61.3075,61.3975,60.7975,60.945,111780000
10/06/2022,14:00:00,60.9025,61,60.015,60.015,72607000
10/06/2022,15:00:00,60.015,60.15,59.155,59.67,48797000
14/06/2022,10:00:00,59.88,59.88,59.88,59.88,1000
14/06/2022,11:00:00,59.67,60.575,59.15,60.06,84319000
14/06/2022,12:00:00,60.06,60.19,59.7,59.8175,65080000
14/06/2022,13:00:00,59.8125,60.02,58.72,58.9475,66865000
14/06/2022,14:00:00,58.9125,59.0875,58.835,58.9975,57202000
14/06/2022,15:00:00,58.96,59.12,57.94,58.05,52177000
15/06/2022,11:00:00,59.175,59.9975,58.79,59.025,103023000
15/06/2022,12:00:00,59,59.25,58.88,59.16,87361000
15/06/2022,13:00:00,59.1275,59.215,58.9,59.1,146418000
15/06/2022,14:00:00,59.1,59.25,59.055,59.215,81246000
15/06/2022,15:00:00,59.215,59.25,59.12,59.195,57647000
16/06/2022,11:00:00,59.5475,59.655,58.7025,59.0425,74772000
16/06/2022,12:00:00,58.9925,59.1425,58.9325,58.9825,63322000
16/06/2022,13:00:00,58.9825,59.41,58.85,59.3525,94759000
16/06/2022,14:00:00,59.3525,59.3525,58.8025,58.8075,57210000
16/06/2022,15:00:00,58.8025,58.9,58.655,58.735,55163000
17/06/2022,11:00:00,59,59.75,59,59.58,81480000
17/06/2022,12:00:00,59.5775,59.785,59.1775,59.395,137959000
17/06/2022,13:00:00,59.365,59.5275,59.3025,59.33,72379000
17/06/2022,14:00:00,59.33,59.3875,59.0625,59.1075,60783000
17/06/2022,15:00:00,59.1075,59.2525,58.845,58.9025,44997000
20/06/2022,11:00:00,59.0375,59.385,58.925,59.2525,58551000
20/06/2022,12:00:00,59.255,59.425,58.65,59.02,73437000
20/06/2022,13:00:00,59.0125,59.04,58.595,58.8225,60810000
20/06/2022,14:00:00,58.8225,58.86,58.57,58.6225,63729000
20/06/2022,15:00:00,58.6,58.6475,58.3,58.33,61855000
21/06/2022,11:00:00,58.82,58.835,57.65,57.925,93234000
21/06/2022,12:00:00,57.925,57.9675,57.0775,57.415,59976000
21/06/2022,13:00:00,57.395,57.51,57.315,57.3825,81730000
21/06/2022,14:00:00,57.3625,57.43,57.2375,57.25,69969000
21/06/2022,15:00:00,57.25,57.4475,57.22,57.4325,71899000
22/06/2022,11:00:00,56.28,56.8,55,55.6025,42758000
22/06/2022,12:00:00,55.5975,56.3875,55.5625,55.8025,70043000
22/06/2022,13:00:00,55.8125,56.01,55.68,55.8725,44664000
22/06/2022,14:00:00,55.85,56.06,55.84,55.93,32299000
22/06/2022,15:00:00,55.935,55.9575,55.805,55.825,35226000
23/06/2022,10:00:00,56.56,56.56,56.56,56.56,2000
23/06/2022,11:00:00,56.245,56.2675,55.935,56.2325,121142000
23/06/2022,12:00:00,56.265,56.5025,55.9675,56.1425,139997000
23/06/2022,13:00:00,56.14,56.3725,55.56,55.6625,122977000
23/06/2022,14:00:00,55.6575,55.8275,55.5025,55.5775,82271000
23/06/2022,15:00:00,55.5925,56.0425,55.5,56.0425,79093000
24/06/2022,11:00:00,56.28,56.465,56.0275,56.0725,91257000
24/06/2022,12:00:00,56.06,56.1175,55.6875,55.8,90510000
24/06/2022,13:00:00,55.79,56.175,55.76,56.06,127120000
24/06/2022,14:00:00,56.0475,56.1,55.75,55.9125,107364000
24/06/2022,15:00:00,55.905,55.9875,55.6675,55.725,86373000
27/06/2022,11:00:00,56.3025,57.3625,55.8575,55.9475,92752000
27/06/2022,12:00:00,55.9375,56.1025,55.8025,56.0475,75212000
27/06/2022,13:00:00,56.0275,56.3225,55.95,56.02,215244000
27/06/2022,14:00:00,56.02,56.02,55.86,55.9875,70589000
27/06/2022,15:00:00,55.975,56.02,55.92,55.985,72996000
28/06/2022,11:00:00,56.2875,56.35,55.81,56.04,78821000
28/06/2022,12:00:00,56.065,56.0875,55.5025,55.9825,67005000
28/06/2022,13:00:00,55.98,56.0225,55.765,55.765,96502000
28/06/2022,14:00:00,55.7825,55.9225,55.6,55.81,53821000
28/06/2022,15:00:00,55.8375,55.84,55.6,55.67,28052000
29/06/2022,10:00:00,55.0025,55.0025,55.0025,55.0025,4000
29/06/2022,11:00:00,55.0025,55.5725,52.7025,53.3975,105662000
29/06/2022,12:00:00,53.355,53.6025,52.91,53.185,63377000
29/06/2022,13:00:00,53.1625,53.8,53.155,53.7225,37505000
29/06/2022,14:00:00,53.7375,55.2625,53.485,54.765,34026000
29/06/2022,15:00:00,54.7125,55.0775,54.1075,54.3275,71727000
30/06/2022,11:00:00,55.895,56.025,53.85,54.95,115401000
30/06/2022,12:00:00,54.945,55.2025,54.2,54.835,136364000
30/06/2022,13:00:00,54.8325,54.92,54.56,54.775,106104000
30/06/2022,14:00:00,54.76,54.81,54.605,54.735,46194000
30/06/2022,15:00:00,54.7175,54.76,54.26,54.4025,52265000
01/07/2022,11:00:00,53.9975,55.6025,53.6425,55.3875,154243000
01/07/2022,12:00:00,55.3975,56.99,55.25,56.9875,188692000
01/07/2022,13:00:00,57,57.3,56.28,56.9125,82565000
01/07/2022,14:00:00,56.8925,56.9975,56.6675,56.92,59045000
01/07/2022,15:00:00,56.9175,56.9475,56.7175,56.85,59672000
04/07/2022,11:00:00,58.49,58.795,56.7425,57.195,45918000
04/07/2022,12:00:00,57.18,57.48,57,57.2175,92047000
04/07/2022,13:00:00,57.2125,57.7,57.015,57.38,183247000
04/07/2022,14:00:00,57.38,57.38,57.0025,57.225,89610000
04/07/2022,15:00:00,57.195,57.415,56.7,56.99,55401000
05/07/2022,11:00:00,57.6,58.5875,57.3875,58.52,127197000
05/07/2022,12:00:00,58.5325,59.965,58.5325,59.4525,177683000
05/07/2022,13:00:00,59.4525,60.4525,59.45,60.4525,84007000
05/07/2022,14:00:00,60.4575,61.945,60.4575,61.945,38217000
05/07/2022,15:00:00,61.95,63.0075,61.4,62.08,56452000
06/07/2022,11:00:00,63.495,66.57,63.1275,64.5825,95932000
06/07/2022,12:00:00,64.63,65.56,63.945,65.2575,68657000
06/07/2022,13:00:00,65.27,65.275,63.555,63.685,65613000
06/07/2022,14:00:00,63.6425,63.94,62.7775,62.86,70634000
06/07/2022,15:00:00,62.8375,63.94,62.835,63.75,84229000
07/07/2022,11:00:00,65.455,66.1175,63.61,64.0975,92502000
07/07/2022,12:00:00,64.1025,64.2325,63.8075,64.01,76970000
07/07/2022,13:00:00,63.985,64.33,63.9475,64.2275,78626000
07/07/2022,14:00:00,64.2275,64.54,64.1525,64.28,55875000
07/07/2022,15:00:00,64.26,64.2775,63.6375,63.8925,64285000
08/07/2022,11:00:00,63.635,63.635,61.6675,61.95,34813000
08/07/2022,12:00:00,61.9475,62.06,61.5,61.63,42948000
08/07/2022,13:00:00,61.63,62.2175,61.5675,62.215,39720000
08/07/2022,14:00:00,62.2,62.5125,61.7025,61.91,37813000
08/07/2022,15:00:00,61.91,62.05,61.8,61.9175,28904000
11/07/2022,11:00:00,62.3375,62.455,61.66,61.74,41448000
11/07/2022,12:00:00,61.7375,61.945,61.7,61.905,46014000
11/07/2022,13:00:00,61.8925,62.15,61.75,62.0375,45314000
11/07/2022,14:00:00,62.04,62.3625,61.9775,62.0125,51699000
11/07/2022,15:00:00,62.0125,62.0475,61.23,61.2725,27120000
12/07/2022,11:00:00,59.0225,59.6,58.795,59.425,43373000
12/07/2022,12:00:00,59.425,59.425,59,59.1525,59103000
12/07/2022,13:00:00,59.14,59.215,58.6525,58.755,54650000
12/07/2022,14:00:00,58.8075,59.0425,58.28,58.3325,70414000
12/07/2022,15:00:00,58.3475,58.445,57.975,58.2,56458000
13/07/2022,11:00:00,59.8075,59.8075,58.45,58.6525,96797000
13/07/2022,12:00:00,58.6175,59.48,58.205,59.245,44523000
13/07/2022,13:00:00,59.2225,59.3275,58.965,59.0575,56165000
13/07/2022,14:00:00,59.0575,59.3,58.75,58.7675,56867000
13/07/2022,15:00:00,58.815,59.1,58.5125,59.1,67733000
14/07/2022,11:00:00,58.73,58.8,58.1,58.2825,69813000
14/07/2022,12:00:00,58.27,58.595,57.75,58.2575,74256000
14/07/2022,13:00:00,58.2675,58.595,58.2,58.5575,33403000
14/07/2022,14:00:00,58.5575,58.74,58.35,58.405,61057000
14/07/2022,15:00:00,58.4,58.455,58.27,58.315,27292000
15/07/2022,11:00:00,58.675,59.1225,58.2,58.325,45288000
15/07/2022,12:00:00,58.32,58.35,58.0375,58.1775,44399000
15/07/2022,13:00:00,58.15,58.435,57.7525,57.795,63097000
15/07/2022,14:00:00,57.7975,57.8575,57.225,57.3175,45028000
15/07/2022,15:00:00,57.315,57.9825,57.025,57.1475,48007000
18/07/2022,11:00:00,57.75,57.9925,56.9775,57.4025,37072000
18/07/2022,12:00:00,57.385,57.4875,57.005,57.1275,101948000
18/07/2022,13:00:00,57.1375,57.4,57,57.255,54778000
18/07/2022,14:00:00,57.255,57.275,56.85,57.19,28582000
18/07/2022,15:00:00,57.19,57.2625,56.8,56.8625,51760000
19/07/2022,11:00:00,57.115,57.115,56.5525,56.8425,92668000
19/07/2022,12:00:00,56.845,56.89,56.47,56.545,58830000
19/07/2022,13:00:00,56.53,56.72,56.38,56.41,62340000
19/07/2022,14:00:00,56.405,56.44,56.0725,56.24,78473000
19/07/2022,15:00:00,56.2425,56.3025,56,56.05,45439000
20/07/2022,11:00:00,56.335,56.4325,55.42,55.5,138134000
20/07/2022,12:00:00,55.4975,55.8075,55.47,55.8075,110285000
20/07/2022,13:00:00,55.7475,55.965,55.655,55.7825,98260000
20/07/2022,14:00:00,55.8,55.96,55.6575,55.875,88735000
20/07/2022,15:00:00,55.87,56.035,55.7,55.88,51055000
21/07/2022,11:00:00,55.9025,57.9625,55.685,56.0125,76754000
21/07/2022,12:00:00,56.0325,56.24,56.005,56.22,74454000
21/07/2022,13:00:00,56.2325,59.69,56.22,59.2125,123919000
21/07/2022,14:00:00,59.28,59.3975,57.345,57.92,65376000
21/07/2022,15:00:00,57.905,59.14,57.5125,58.28,66276000
22/07/2022,11:00:00,57.5325,58.23,57.2575,57.725,136179000
22/07/2022,12:00:00,57.7175,57.7425,57.275,57.44,107751000
22/07/2022,13:00:00,57.4325,58.34,57.41,58.0225,114752000
22/07/2022,14:00:00,58.04,58.245,57.48,57.97,111206000
22/07/2022,15:00:00,57.9275,58.0475,57.37,57.665,62899000
25/07/2022,11:00:00,58.1,58.5975,57.8125,58.38,88628000
25/07/2022,12:00:00,58.355,59.02,58.2225,58.84,105167000
25/07/2022,13:00:00,58.84,59.2275,58.7125,59.13,85492000
25/07/2022,14:00:00,59.125,59.19,58.7675,58.8575,111530000
25/07/2022,15:00:00,58.8575,58.975,58.37,58.4425,83886000
26/07/2022,11:00:00,59.5875,60.2375,58.8775,59.32,170104000
26/07/2022,12:00:00,59.32,59.37,59.075,59.3,100081000
26/07/2022,13:00:00,59.3,59.525,59.25,59.415,48265000
26/07/2022,14:00:00,59.4125,59.44,59.2625,59.415,38853000
26/07/2022,15:00:00,59.395,59.79,59.365,59.7,68553000
27/07/2022,11:00:00,61.93,62.0025,61,61.5525,58388000
27/07/2022,12:00:00,61.56,61.695,61.15,61.235,72052000
27/07/2022,13:00:00,61.2125,61.495,61.145,61.1625,41880000
27/07/2022,14:00:00,61.1725,61.4,60.915,60.925,63201000
27/07/2022,15:00:00,60.9325,60.9375,60.1225,60.545,51504000
28/07/2022,11:00:00,60.77,61.49,60.29,61.42,75142000
28/07/2022,12:00:00,61.4225,61.5975,61.03,61.2125,83551000
28/07/2022,13:00:00,61.2425,61.69,61.0875,61.105,78764000
28/07/2022,14:00:00,61.12,61.3275,61.03,61.245,65444000
28/07/2022,15:00:00,61.2425,61.4275,61.05,61.1,54134000
29/07/2022,11:00:00,62.25,62.515,61.725,62.405,141728000
29/07/2022,12:00:00,62.3575,62.5,62.165,62.3,78102000
29/07/2022,13:00:00,62.3,62.665,62.3,62.54,54869000
29/07/2022,14:00:00,62.5475,62.835,62.4575,62.6575,51921000
29/07/2022,15:00:00,62.6675,63.6975,62.55,62.6925,67493000
01/08/2022,11:00:00,63.02,63.92,63.02,63.8425,66933000
01/08/2022,12:00:00,63.8275,63.955,63.5,63.6,62840000
01/08/2022,13:00:00,63.6,63.78,63.5675,63.75,48180000
01/08/2022,14:00:00,63.7325,63.8475,62.885,63.045,74792000
01/08/2022,15:00:00,63.0425,63.2525,62.4375,62.4675,57153000
02/08/2022,10:00:00,62.0025,62.0025,62.0025,62.0025,50000
02/08/2022,11:00:00,62,62,60.5,61.4,102634000
02/08/2022,12:00:00,61.415,61.4175,61.175,61.3225,58370000
02/08/2022,13:00:00,61.3075,61.3425,61,61.105,66618000
02/08/2022,14:00:00,61.1125,61.565,61.0025,61.3475,58431000
02/08/2022,15:00:00,61.3575,61.475,60.98,61.0175,48432000
03/08/2022,11:00:00,61.3325,61.7875,60.8025,61.225,44125000
03/08/2022,12:00:00,61.225,61.255,61.1,61.12,32097000
03/08/2022,13:00:00,61.11,61.115,60.715,60.76,46565000
03/08/2022,14:00:00,60.765,61.1675,60.7625,61.1675,17090000
03/08/2022,15:00:00,61.1675,61.3525,61.1,61.14,33884000
04/08/2022,11:00:00,61.3975,61.7,61.005,61.1,73705000
04/08/2022,12:00:00,61.085,61.1525,60.83,61.0075,46611000
04/08/2022,13:00:00,61.025,61.26,60.985,61.1075,85123000
04/08/2022,14:00:00,61.0975,61.1625,61,61.105,57763000
04/08/2022,15:00:00,61.1,61.135,60.82,60.985,44786000
05/08/2022,11:00:00,61.4025,61.5,61.19,61.405,75441000
05/08/2022,12:00:00,61.4075,61.5,61.07,61.195,44847000
05/08/2022,13:00:00,61.1975,61.415,61.09,61.39,51728000
05/08/2022,14:00:00,61.3925,61.51,61.3525,61.4525,61079000
05/08/2022,15:00:00,61.4525,61.46,61.265,61.375,32609000
08/08/2022,11:00:00,61.5075,61.885,61.0525,61.255,63587000
08/08/2022,12:00:00,61.2225,61.3625,61,61.15,40700000
08/08/2022,13:00:00,61.14,61.1475,60.7275,60.9575,53365000
08/08/2022,14:00:00,60.9975,61.3925,60.9775,61.2525,41562000
08/08/2022,15:00:00,61.2575,61.5175,61.01,61.03,31242000
09/08/2022,11:00:00,62.1475,62.1475,61.315,61.4025,74186000
09/08/2022,12:00:00,61.4025,61.7075,61.1725,61.5675,86527000
09/08/2022,13:00:00,61.56,61.68,61.4025,61.5725,80626000
09/08/2022,14:00:00,61.5825,61.6625,61.4025,61.65,34299000
09/08/2022,15:00:00,61.6275,61.78,61.5325,61.63,100570000
10/08/2022,10:00:00,62.27,62.27,62.27,62.27,5000
10/08/2022,11:00:00,61.605,61.655,61.35,61.52,53628000
10/08/2022,12:00:00,61.51,61.7975,61.4375,61.715,45111000
10/08/2022,13:00:00,61.7175,61.88,61.68,61.815,52469000
10/08/2022,14:00:00,61.8025,61.8325,61.5125,61.705,33847000
10/08/2022,15:00:00,61.7025,62.025,61.6875,61.99,42311000
11/08/2022,10:00:00,62.8,62.8,62.8,62.8,20000
11/08/2022,11:00:00,62.8025,62.805,62.22,62.5575,100569000
11/08/2022,12:00:00,62.55,62.6625,62.5225,62.585,105240000
11/08/2022,13:00:00,62.5825,62.6475,62.4275,62.4375,113135000
11/08/2022,14:00:00,62.4275,62.555,62.3975,62.485,60305000
11/08/2022,15:00:00,62.47,62.58,62.39,62.4125,79108000
12/08/2022,11:00:00,62.65,62.7675,62.48,62.505,116738000
12/08/2022,12:00:00,62.51,62.7925,62.5025,62.595,106256000
12/08/2022,13:00:00,62.59,62.8325,62.55,62.5575,106968000
12/08/2022,14:00:00,62.55,62.57,62.33,62.3675,90268000
12/08/2022,15:00:00,62.3675,62.4725,62.2975,62.3575,86699000
15/08/2022,11:00:00,62,62.73,61.9425,62.57,97683000
15/08/2022,12:00:00,62.5725,62.7,62.4875,62.6,178230000
15/08/2022,13:00:00,62.6025,62.6325,62.39,62.46,101168000
15/08/2022,14:00:00,62.44,62.55,62.39,62.425,77141000
15/08/2022,15:00:00,62.41,62.49,62.3325,62.395,89351000
16/08/2022,11:00:00,62.4775,62.57,62.1675,62.4675,44748000
16/08/2022,12:00:00,62.4525,62.57,62.37,62.5,63186000
16/08/2022,13:00:00,62.4975,62.5075,62.0525,62.27,51318000
16/08/2022,14:00:00,62.2725,62.35,62.1525,62.2725,40441000
16/08/2022,15:00:00,62.2575,62.2875,62.1225,62.2525,53035000
17/08/2022,11:00:00,62.045,62.24,61.5725,61.785,40807000
17/08/2022,12:00:00,61.77,62.505,61.745,62.435,41234000
17/08/2022,13:00:00,62.425,62.4275,61.53,61.7175,40911000
17/08/2022,14:00:00,61.7125,61.795,61.4475,61.46,40654000
17/08/2022,15:00:00,61.46,61.46,60.9075,61.1725,42533000
18/08/2022,11:00:00,61.56,61.805,61.325,61.75,37043000
18/08/2022,12:00:00,61.74,61.915,61.305,61.3975,48224000
18/08/2022,13:00:00,61.3975,61.4975,60.565,60.62,152473000
18/08/2022,14:00:00,60.6175,60.63,60.1375,60.1975,126659000
18/08/2022,15:00:00,60.205,60.365,59.7925,59.8675,87960000
19/08/2022,11:00:00,59.87,59.9225,59.5,59.8325,68990000
19/08/2022,12:00:00,59.82,59.895,59.4725,59.635,49212000
19/08/2022,13:00:00,59.6325,59.77,59.3025,59.375,53780000
19/08/2022,14:00:00,59.3525,59.4175,59.0425,59.13,44233000
19/08/2022,15:00:00,59.125,59.19,58.5875,58.8925,34646000
22/08/2022,11:00:00,59.35,59.995,59.2475,59.9475,73431000
22/08/2022,12:00:00,59.935,59.9675,59.645,59.8525,31658000
22/08/2022,13:00:00,59.8525,59.8725,59.395,59.4625,52485000
22/08/2022,14:00:00,59.4425,59.5025,59.3,59.3525,23423000
22/08/2022,15:00:00,59.34,59.3625,59.05,59.1475,28667000
23/08/2022,11:00:00,59.225,59.6925,59.135,59.415,37789000
23/08/2022,12:00:00,59.39,59.42,59.17,59.3575,53729000
23/08/2022,13:00:00,59.355,59.54,59.305,59.315,42548000
23/08/2022,14:00:00,59.3225,59.4275,59.1825,59.31,22980000
23/08/2022,15:00:00,59.31,59.31,59.12,59.26,34187000
24/08/2022,11:00:00,59.565,59.715,59.4675,59.6625,121378000
24/08/2022,12:00:00,59.66,59.715,59.5025,59.59,95282000
24/08/2022,13:00:00,59.595,59.64,59.485,59.56,106485000
24/08/2022,14:00:00,59.5525,59.6125,59.2925,59.325,85981000
24/08/2022,15:00:00,59.32,59.405,59.2025,59.3875,82605000
25/08/2022,10:00:00,59.5,59.5,59.5,59.5,1000
25/08/2022,11:00:00,59.695,59.85,59.3475,59.5275,72511000
25/08/2022,12:00:00,59.525,59.7925,59.48,59.6325,82879000
25/08/2022,13:00:00,59.6275,59.6875,59.5025,59.645,44531000
25/08/2022,14:00:00,59.6425,59.6575,59.4,59.415,45371000
25/08/2022,15:00:00,59.405,59.7475,59.3525,59.74,44250000
26/08/2022,11:00:00,59.8225,60.025,59.62,59.63,38348000
26/08/2022,12:00:00,59.635,59.9425,59.535,59.8225,56550000
26/08/2022,13:00:00,59.8325,60.0825,59.825,60.05,58882000
26/08/2022,14:00:00,60.05,60.09,59.8325,59.8525,49834000
26/08/2022,15:00:00,59.835,59.88,59.73,59.73,27177000
29/08/2022,11:00:00,59.985,60.3175,59.825,59.985,64292000
29/08/2022,12:00:00,59.9825,60.105,59.7875,59.8875,56520000
29/08/2022,13:00:00,59.9,59.995,59.8225,59.9775,75748000
29/08/2022,14:00:00,59.98,60.12,59.83,59.9675,34294000
29/08/2022,15:00:00,59.9625,60.05,59.8675,59.8675,36957000
30/08/2022,11:00:00,60.23,60.515,60.1275,60.465,58457000
30/08/2022,12:00:00,60.4575,60.51,60.4,60.4225,38053000
30/08/2022,13:00:00,60.4225,60.585,60.4175,60.5775,32738000
30/08/2022,14:00:00,60.59,60.72,60.59,60.675,25706000
30/08/2022,15:00:00,60.67,60.8275,60.6575,60.7575,30409000
31/08/2022,11:00:00,59.9,60.6075,59.7025,60.535,61079000
31/08/2022,12:00:00,60.5175,60.6425,60.0625,60.1,46791000
31/08/2022,13:00:00,60.09,60.3,60.0575,60.2525,39794000
31/08/2022,14:00:00,60.245,60.28,60.0375,60.1775,33007000
31/08/2022,15:00:00,60.1775,60.25,60.075,60.185,45848000
01/09/2022,11:00:00,60.3675,60.595,60.1025,60.285,51260000
01/09/2022,12:00:00,60.275,60.4375,60.1125,60.41,80154000
01/09/2022,13:00:00,60.405,60.51,60.1375,60.3925,109495000
01/09/2022,14:00:00,60.3925,60.435,60.105,60.2375,52282000
01/09/2022,15:00:00,60.2375,60.24,59.9975,60.235,62228000
02/09/2022,11:00:00,60.1575,60.2975,60.0925,60.2675,36178000
02/09/2022,12:00:00,60.265,60.3075,60.13,60.13,40193000
02/09/2022,13:00:00,60.13,60.22,60.0825,60.1575,70897000
02/09/2022,14:00:00,60.1575,60.2375,60.125,60.1825,66852000
02/09/2022,15:00:00,60.1775,60.255,60.055,60.095,60967000
05/09/2022,11:00:00,60.25,60.675,59.815,60.34,38167000
05/09/2022,13:00:00,60.4,60.71,60.285,60.405,92231000
05/09/2022,14:00:00,60.4025,60.6,60,60.05,134134000
05/09/2022,15:00:00,60.05,60.145,59.3375,59.7,139284000
06/09/2022,11:00:00,60.4525,60.7425,60.3375,60.695,65477000
06/09/2022,12:00:00,60.69,60.74,60.4625,60.6225,50501000
06/09/2022,13:00:00,60.61,60.645,60.35,60.385,41537000
06/09/2022,14:00:00,60.3725,60.4575,60.2925,60.2975,30222000
06/09/2022,15:00:00,60.2975,60.43,60.19,60.41,46464000
07/09/2022,11:00:00,60.4675,61.045,60.4675,60.6575,46210000
07/09/2022,12:00:00,60.6575,60.77,60.48,60.5675,30678000
07/09/2022,13:00:00,60.56,60.575,60.4575,60.4725,23762000
07/09/2022,14:00:00,60.475,60.5725,60.39,60.405,28153000
07/09/2022,15:00:00,60.3975,60.425,60.3425,60.39,26686000
08/09/2022,11:00:00,60.8,61.0275,60.7,60.745,99475000
08/09/2022,12:00:00,60.7425,60.8075,60.585,60.7,69419000
08/09/2022,13:00:00,60.68,60.71,60.55,60.62,39191000
08/09/2022,14:00:00,60.615,60.76,60.61,60.73,43575000
08/09/2022,15:00:00,60.7275,60.735,60.6325,60.68,34811000
09/09/2022,10:00:00,60.035,60.035,60.035,60.035,3000
09/09/2022,11:00:00,60.6475,61.13,60.6475,61.115,83955000
09/09/2022,12:00:00,61.1025,61.115,61.05,61.07,62309000
09/09/2022,13:00:00,61.06,61.0675,60.765,60.8175,32303000
09/09/2022,14:00:00,60.825,60.935,60.6775,60.7275,73431000
09/09/2022,15:00:00,60.73,60.8,60.5925,60.6975,58445000
12/09/2022,09:00:00,61.1825,61.5525,61.1825,61.38,276000
12/09/2022,10:00:00,61.375,61.635,61.3725,61.5625,2227000
12/09/2022,11:00:00,61.5325,62.265,61.4725,61.6025,62059000
12/09/2022,12:00:00,61.6025,61.655,61.3175,61.32,67176000
12/09/2022,13:00:00,61.3025,61.5025,61.27,61.2725,38649000
12/09/2022,14:00:00,61.2725,61.29,61.0525,61.1475,43813000
12/09/2022,15:00:00,61.1475,61.2175,61.05,61.11,36404000
13/09/2022,08:00:00,61.1825,61.205,60.9325,60.9925,56000
13/09/2022,09:00:00,61.155,61.2425,61.0525,61.19,587000
13/09/2022,10:00:00,61.19,61.21,61.03,61.205,2249000
13/09/2022,11:00:00,61.205,61.31,60.985,60.99,35764000
13/09/2022,12:00:00,60.9875,61.1,60.75,61.01,41815000
13/09/2022,13:00:00,61.0075,61.04,60.88,60.925,21093000
13/09/2022,14:00:00,60.9225,61,60.825,60.965,27962000
13/09/2022,15:00:00,60.955,60.9725,60.7675,60.8575,26727000
14/09/2022,08:00:00,60.22,60.22,60.2125,60.2125,112000
14/09/2022,09:00:00,59.89,60.3175,59.89,60.215,640000
14/09/2022,10:00:00,60.17,60.1925,59.8475,59.85,3855000
14/09/2022,11:00:00,59.84,60.14,59.7525,59.8375,86893000
14/09/2022,12:00:00,59.85,59.93,59.8,59.865,54591000
14/09/2022,13:00:00,59.865,59.9,59.795,59.9,68473000
14/09/2022,14:00:00,59.8975,60.005,59.8725,59.905,27599000
14/09/2022,15:00:00,59.9,59.9825,59.575,59.6925,32397000
15/09/2022,08:00:00,59.9,60.165,59.8,59.9625,158000
15/09/2022,09:00:00,59.95,59.98,59.67,59.75,224000
15/09/2022,10:00:00,59.8425,60.07,59.6575,59.6675,2178000
15/09/2022,11:00:00,59.6575,59.7275,59.57,59.5825,45633000
15/09/2022,12:00:00,59.5875,59.73,59.3725,59.7275,76977000
15/09/2022,13:00:00,59.7175,59.745,59.5625,59.62,63797000
15/09/2022,14:00:00,59.62,59.6725,59.51,59.65,55749000
15/09/2022,15:00:00,59.65,59.73,59.535,59.5825,54724000
16/09/2022,08:00:00,60.15,60.175,60,60,224000
16/09/2022,09:00:00,60.11,60.14,59.905,60,995000
16/09/2022,10:00:00,60.005,60.05,59.925,59.995,3382000
16/09/2022,11:00:00,59.98,60.165,59.75,60.0275,40207000
16/09/2022,12:00:00,60.0125,60.055,59.8725,59.8825,53622000
16/09/2022,13:00:00,59.8725,60.04,59.8725,59.96,48223000
16/09/2022,14:00:00,59.955,60.1525,59.9375,60.0775,36417000
16/09/2022,15:00:00,60.0775,60.5875,59.9675,60.1625,63330000
19/09/2022,08:00:00,59.94,60.13,59.94,60.01,90000
19/09/2022,09:00:00,60.015,60.16,59.9375,60.0475,174000
19/09/2022,10:00:00,60.0025,60.1475,60,60.0475,1176000
19/09/2022,11:00:00,60.015,60.51,60.015,60.19,57109000
19/09/2022,12:00:00,60.1925,60.2375,60.0375,60.0925,93778000
19/09/2022,13:00:00,60.09,60.14,60.06,60.07,68148000
19/09/2022,14:00:00,60.065,60.1,60.03,60.08,49469000
19/09/2022,15:00:00,60.0675,60.1,59.9175,59.93,38785000
20/09/2022,08:00:00,60.7375,60.7375,60.305,60.305,20000
20/09/2022,09:00:00,60.5075,60.5075,60.235,60.46,198000
20/09/2022,10:00:00,60.3175,60.5,60.3175,60.4525,518000
20/09/2022,11:00:00,60.45,60.4625,60.2,60.35,50510000
20/09/2022,12:00:00,60.3575,60.3575,60.06,60.1,66172000
20/09/2022,13:00:00,60.095,60.105,59.8,59.9875,64366000
20/09/2022,14:00:00,59.9875,60,59.8575,59.9,30010000
20/09/2022,15:00:00,59.8975,59.9375,59.785,59.83,35246000
21/09/2022,08:00:00,60.5775,60.8175,60.395,60.59,568000
21/09/2022,09:00:00,60.7575,60.775,60.3625,60.6,1352000
21/09/2022,10:00:00,60.6975,61.89,60.5475,61.385,5939000
21/09/2022,11:00:00,61.37,62.2275,60,60.295,55870000
21/09/2022,12:00:00,60.31,60.49,59.82,59.855,49436000
21/09/2022,13:00:00,59.86,60.2025,59.6725,59.975,36838000
21/09/2022,14:00:00,59.985,60.3225,59.9025,60.2475,47592000
21/09/2022,15:00:00,60.245,60.295,59.92,59.92,51268000
22/09/2022,08:00:00,60.49,60.49,59.7125,60.2375,655000
22/09/2022,09:00:00,60.0025,60.3375,60.0025,60.2725,745000
22/09/2022,10:00:00,60.23,60.2675,59.805,60.025,2405000
22/09/2022,11:00:00,60.005,60.0125,59.005,59.3,85115000
22/09/2022,12:00:00,59.285,59.6075,59.2275,59.245,76932000
22/09/2022,13:00:00,59.2375,59.355,58.83,59.01,101443000
22/09/2022,14:00:00,59.005,59.0125,58.68,58.7025,51897000
22/09/2022,15:00:00,58.685,58.7425,58.01,58.055,85651000
23/09/2022,08:00:00,58.5,58.945,58,58.885,228000
23/09/2022,09:00:00,58.885,58.885,58.1125,58.25,1136000
23/09/2022,10:00:00,58.2075,58.26,57.54,58.0875,6204000
23/09/2022,11:00:00,58.08,58.2,57.125,57.29,168972000
23/09/2022,12:00:00,57.2875,57.4925,56.7775,57,174539000
23/09/2022,13:00:00,56.9625,57.17,56.5625,56.8125,60316000
23/09/2022,14:00:00,56.7875,56.895,55.88,55.88,40906000
23/09/2022,15:00:00,55.8875,56.06,54.8625,54.9,100917000
26/09/2022,08:00:00,56.9975,56.9975,55.505,56.695,239000
26/09/2022,09:00:00,56.6425,57.5675,56.2375,57.295,3404000
26/09/2022,10:00:00,57.2775,57.3775,56.235,56.6575,5930000
26/09/2022,11:00:00,56.59,56.67,56.0075,56.32,105673000
26/09/2022,12:00:00,56.31,56.5,55.985,56.0775,101264000
26/09/2022,13:00:00,56.0675,56.17,55.715,55.775,121479000
26/09/2022,14:00:00,55.7525,55.905,55.685,55.83,99804000
26/09/2022,15:00:00,55.8175,55.865,55,55.4475,200654000
27/09/2022,08:00:00,56,56.83,56,56.79,378000
27/09/2022,09:00:00,56.4725,57.055,56.4725,56.75,664000
27/09/2022,10:00:00,56.7475,56.7475,56.345,56.4475,2796000
27/09/2022,11:00:00,56.435,56.5825,55.775,55.875,75091000
27/09/2022,12:00:00,55.8675,55.96,55.72,55.88,94721000
27/09/2022,13:00:00,55.87,56.0325,55.805,55.875,96881000
27/09/2022,14:00:00,55.865,55.9,55.7775,55.835,84334000
27/09/2022,15:00:00,55.835,56.4275,55.8125,56.16,97810000
28/09/2022,08:00:00,56.5,56.5,56.0175,56.195,384000
28/09/2022,09:00:00,56.2,56.3575,56.0625,56.2775,1098000
28/09/2022,10:00:00,56.1875,56.2725,55.94,56.115,7708000
28/09/2022,11:00:00,56.105,56.11,55.9125,56.015,89666000
28/09/2022,12:00:00,56.0025,56.0675,55.6975,55.875,80214000
28/09/2022,13:00:00,55.8725,55.9075,55.4075,55.495,76930000
28/09/2022,14:00:00,55.4925,55.755,55.485,55.6575,40762000
28/09/2022,15:00:00,55.67,55.6825,55.3125,55.52,44471000
29/09/2022,08:00:00,55.6975,55.95,55.3725,55.835,1668000
29/09/2022,09:00:00,55.6975,55.97,55.6975,55.845,2165000
29/09/2022,10:00:00,55.835,55.8425,55.5625,55.785,8690000
29/09/2022,11:00:00,55.8,56,55.6175,55.82,87418000
29/09/2022,12:00:00,55.8125,55.8475,55.23,55.375,79571000
29/09/2022,13:00:00,55.3625,55.5,55.0225,55.44,112552000
29/09/2022,14:00:00,55.405,55.54,55.1525,55.26,89193000
29/09/2022,15:00:00,55.2425,55.3,54.5,55.3,63966000
30/09/2022,08:00:00,55.8025,55.88,55.47,55.8625,1326000
30/09/2022,09:00:00,55.8675,55.885,55.6825,55.8275,792000
30/09/2022,10:00:00,55.83,55.9725,55.6825,55.795,7347000
30/09/2022,11:00:00,55.7625,55.875,52.0975,52.3975,123103000
30/09/2022,12:00:00,52.3425,53.2175,50.695,52.4575,126215000
30/09/2022,13:00:00,52.4525,53.0075,48.495,49.5875,129799000
30/09/2022,14:00:00,49.7975,54.07,48.8,51.19,156310000
30/09/2022,15:00:00,51.1925,54.935,50.1,53.15,92606000
03/10/2022,08:00:00,56.1,56.3225,55.1175,56.1675,766000
03/10/2022,09:00:00,56.445,57.3275,56.2825,57.0125,2193000
03/10/2022,10:00:00,57.0475,57.13,56.5025,56.5875,8925000
03/10/2022,11:00:00,56.61,56.8575,54.685,54.685,33965000
03/10/2022,12:00:00,54.8,55.5375,54.76,55.0075,30965000
03/10/2022,13:00:00,55.0025,55.2775,53.7275,54.05,43669000
03/10/2022,14:00:00,54.095,54.21,53.375,53.8,50298000
03/10/2022,15:00:00,53.7975,53.8,52.1675,53.1075,73431000
04/10/2022,08:00:00,54.6675,54.805,53.8,54.505,865000
04/10/2022,09:00:00,54.6475,55.2175,54.4575,54.785,1868000
04/10/2022,10:00:00,54.7,55.5,54.6,55.4125,4065000
04/10/2022,11:00:00,55.435,56.5425,54.93,56.0025,47136000
04/10/2022,12:00:00,56.0025,56.4175,55.64,56.2175,30269000
04/10/2022,13:00:00,56.2275,56.945,55.99,56.4625,45986000
04/10/2022,14:00:00,56.5,56.85,56.1,56.4025,51758000
04/10/2022,15:00:00,56.3575,56.8675,56.235,56.3825,56233000
05/10/2022,08:00:00,56.515,56.6625,55.7,56.6,1400000
05/10/2022,09:00:00,56.6,56.985,56.4,56.875,2282000
05/10/2022,10:00:00,56.75,57.185,56.475,57.02,7431000
05/10/2022,11:00:00,57.055,57.785,57.03,57.5075,48929000
05/10/2022,12:00:00,57.51,57.7975,57.3025,57.765,44145000
05/10/2022,13:00:00,57.76,58.1425,57.55,58.1425,55949000
05/10/2022,14:00:00,58.1425,58.705,58.1275,58.435,34934000
05/10/2022,15:00:00,58.45,59.145,58.2575,58.92,51055000
06/10/2022,08:00:00,59.025,59.2575,58.8975,59.0325,623000
06/10/2022,09:00:00,59.05,59.185,58.755,59.055,1364000
06/10/2022,10:00:00,59.0525,59.195,58.7725,59.045,3091000
06/10/2022,11:00:00,59.1325,59.2825,58.02,58.095,78232000
06/10/2022,12:00:00,58.15,59.0825,58.0725,58.1575,131053000
06/10/2022,13:00:00,58.2425,58.785,58.0275,58.25,78305000
06/10/2022,14:00:00,58.3075,58.6075,58.0475,58.3425,156489000
06/10/2022,15:00:00,58.355,58.355,57.315,58.0225,84081000
07/10/2022,08:00:00,59.1625,59.1625,58.67,58.6725,228000
07/10/2022,09:00:00,58.8525,59.11,58.8025,59.0075,161000
07/10/2022,10:00:00,58.9125,59.11,58.565,58.8825,3004000
07/10/2022,11:00:00,58.8875,60.1225,58.77,60,113933000
07/10/2022,12:00:00,60,60.42,59.8,60.24,72932000
07/10/2022,13:00:00,60.225,60.2925,59.9,60.0375,62118000
07/10/2022,14:00:00,60.0225,60.0925,59.4725,59.64,68916000
07/10/2022,15:00:00,59.6125,61.245,59.5425,60.6075,57917000
10/10/2022,08:00:00,60.5,60.7275,60.2,60.5,209000
10/10/2022,09:00:00,60.5,60.68,60.055,60.575,1552000
10/10/2022,10:00:00,60.3925,60.62,60.035,60.4075,2049000
10/10/2022,11:00:00,60.45,61.6325,60.0525,60.7175,36862000
10/10/2022,12:00:00,60.7425,61.0425,60.2475,60.6375,48530000
10/10/2022,13:00:00,60.6375,61.1725,60.62,60.8575,32553000
10/10/2022,14:00:00,60.8275,61.195,60.6025,61.145,27213000
10/10/2022,15:00:00,61.1225,62.8475,61.0875,61.8,107941000
11/10/2022,08:00:00,61.8,62.9275,61.8,62.5375,71000
11/10/2022,09:00:00,62.58,62.5975,62.09,62.12,1245000
11/10/2022,10:00:00,62.1475,62.47,62.075,62.3525,4500000
11/10/2022,11:00:00,62.4325,62.8075,62.2725,62.615,71574000
11/10/2022,12:00:00,62.5825,62.965,62.52,62.9175,77232000
11/10/2022,13:00:00,62.915,63.51,62.915,63.24,71105000
11/10/2022,14:00:00,63.205,63.405,62.715,62.84,42380000
11/10/2022,15:00:00,62.8575,64,62.81,63.4,60883000
12/10/2022,08:00:00,63.5,64.0125,63.115,63.9,929000
12/10/2022,09:00:00,63.9025,64.875,63.9025,64.725,12512000
12/10/2022,10:00:00,64.885,65.8675,64.3575,64.66,20203000
12/10/2022,11:00:00,64.695,64.8975,63.25,63.655,122898000
12/10/2022,12:00:00,63.6275,63.7575,62.83,63.035,41115000
12/10/2022,13:00:00,63.0425,63.1275,62.3525,62.705,55605000
12/10/2022,14:00:00,62.705,63.1,62.59,63.09,67471000
12/10/2022,15:00:00,63.085,63.1,62.405,62.8,67018000
13/10/2022,08:00:00,62.81,63.1625,62.81,63.16,46000
13/10/2022,09:00:00,63.2625,63.2625,62.64,62.9675,1929000
13/10/2022,10:00:00,62.9425,63.1325,62.9425,63.0975,332000
